tag,count
3D,1
_featured,1
activities,1
albrecht-dürer,1
alex-gartenfeld,1
altruistic-behavior,1
america-online-(a.o.l.),1
Animation,1
art,10
Art,11
art-and-design,1
art-books,1
art-critic,1
art-education,1
art-elements,1
art-history,1
art-production,1
art-reviews,1
art-uk,6
ARTICLE,1
artist-resources,2
Artists,1
artists,3
artnet-news,1
ASC,2
assessment,1
autopoiesis,2
beauty,1
bible,2
biology-of-cognition,2
bodies,1
book,2
book-publisher,2
Books,1
botanical-art,1
botanical-art-books,1
botanical-illustration,1
british-art-tag/britain,1
brooklyn-art,1
brooklyn-culture,1
building-lessons,1
calculus-of-indications,2
california-state-standards,1
camden,1
child-books,2
child-development-theory,1
christina-quarles-art-drawing-vitamin-d3,1
chronophotography,1
claire-watson-garcia,1
classroom-teaching,1
clip-studio-paint,1
college-text-book,2
companion,2
composition,1
composition-rhythm-artists-painting-portrait-view-finder-pc-drawing-package-learn-compositional-lessons-rules-head-neck-bayani-lines-colour-face-hand-gesture-art-ambroise-vollard-renoir-subject’s-weight-mona-lisa-raphael-vertical-plane-shoulders-stability-figure-painted-angle-hips-energy-stance-horizontal-focal-henriot-eyes-contrast-side-profile-silhouette-rubens-van-gogh-renoir-daniel-lion’s-space-rembrant,1
compton-verney,1
constructivism,2
contemporary-art,1
conversation,2
conversation-theory,2
courses,2
creativity-tips-&-tools,1
creators,2
Culture,2
culture,1
curricula-development,1
cybernetics,2
Dance,1
dazed,1
dazed+confused,1
dazed-&-confused,1
dazed-&-confused-magazine,1
dazed-and-confused,1
dazed-and-confused-magazine,1
dazeddigital,1
death,1
decision-making,1
design,3
dictionary,2
digital,1
disable-inline-signup-unit,1
discussion,1
Drawing,1
education-standards,1
elements,1
elements-of-art,1
eli-hill,2
elizabeth-peyton,1
emma-talbot,1
english,2
english-dictionary,2
english-language-teaching,2
esl,2
evolutionary-developmental-biology,1
evolutionary-emergence,1
exercise,1
Exhibitions,1
fabulous-women’s-magazine,1
Face,1
facebook,1
fashion,1
feminism,2
Fiction,1
Film,1
film,1
fitzrovia,1
flowers-and-plants,1
formal-analysis,1
francisco-varela,2
frank-auerbach,1
game-theory,1
gary-carrion-murayari,1
general-systems-theory,2
genetic-drift,1
george-spencer-brown,2
getty-education,1
gordon-pask,2
grade-by-grade-guide,1
grade-level,1
graphic-design,1
gregory-bateson,2
heinz-von-foerster,2
history,2
how-to-be-an-artist,2
how-to-be-more-creative,1
human-knowing,2
humberto-maturana,2
ideas,1
ideas-sharing-network,1
illustration,1
Illustration,1
Innovation,1
instagram,1
interpretation,1
john-von-neumann,2
julie-mehretu,1
k-12-education,1
k-12-grade,1
karen-chernick,1
king-james-bible,2
kings-road,2
law,2
learning-goals,1
learning-objectives,1
Leisure,1
lesson-development,1
lesson-template,1
lesson-writing,1
lessons,1
light,1
line-by-line,12
literature,2
lock-ups,1
london,1
macy-conferences,2
Manga,1
margaret-mead,2
marylebone,1
Mathematics,2
medicine,2
metropolitan-police,3
michelangelo-buonarroti,1
murder,1
music,5
Music,1
new-museum,1
new-york-art-scene,1
norbert-wiener,2
nsrv,2
nsrv-bible,2
nylons,1
obituary,1
online,1
oxford,2
oxford-dictionary,2
oxford-english-dictionary,2
oxford-picture-dictionary,2
oxford-press,2
oxford-university-press,2
oxford-university-press-usa,2
painting,1
patron,2
peter-doig,1
phong-bui,1
photography,1
picasso-pablo,1
picture,2
pinterest-bulk-downloader,1
pinterest-image-downloader,1
pinterest-video-downloader,1
Poetry,1
Posters,1
principles,1
protest,2
rationing,1
reference,2
religion,2
ross-ashby,2
scanline,1
science,2
Science,6
second-order-cybernetics,2
self-portraits,1
shivangi-ladha,1
slit-scan,1
slitscan,1
social-media,1
social-networks,1
soho,1
songs-for-sabotage,1
spivs,1
sponsor,2
Sports,1
standards,1
story,1
suffragettes,2
suggestions,1
systems-theory,2
teacher-education,1
teaching-english-as-a-foreign-language,2
teaching-english-as-a-second-language,2
techniques,1
tess-thackara,1
textbook,2
the-gentlewoman,1
Theater,2
TIPS,1
tips,1
trafalgar-square,2
trees-and-shrubs,1
Tricks,1
triennial,1
Tutorials,1
twitter,1
uk,6
Uncategorized,1
united-states-history,2
video,1
videos,2
warren-mcculloch,2
web-sites,1
Webtoon,1
wfdownloader-app,1
whitehall,2
writing,1
