old_tag,new_tags
16-patch-quilt-pattern-ideas,quilting
2-color-quilts,quilting
3-fabric-quilt-pattern-simple,quilting
3d-quilts,quilting
9-patch-quilt,quilting
abstract-art-quilt,quilting|abstract-quilt
abstract-art-quilts,quilting|abstract-quilt
abstract-quilt,quilting|abstract-quilt
abstract-quilts,quilting|abstract-quilt
african-quilts,quilting
amazing-quilts,quilting
american-quilt,quilting
amische-quilts,quilting|amish-quilt
amish-quilt,quilting|amish-quilt
amish-quilt-patterns,quilting|amish-quilt
amish-quilts,quilting|amish-quilt
amish-quilts-traditional,quilting|amish-quilt
antique-quilts,quilting|textile-history
antique-quilts-patterns,quilting|textile-history
applique-quilts,quilting
art-quilt,quilting
art-quilting,quilting
art-quilts-inspiration,quilting
art-quilts-patterns,quilting
asian-quilts,quilting
aunt-grace-quilts-patterns,quilting
award-winning-quilts,quilting
baby-quilt,quilting
baby-quilt-ideas,quilting
backing-a-quilt,quilting
barn-quilt-designs,quilting
bed-quilt-patterns,quilting
bee-quilt,quilting
beginner-modern-quilt-patterns,quilting|modern-quilting
beginner-quilt-patterns,quilting
big-block-quilts,quilting
big-stitch-quilting,quilting
black-and-white-quilt,quilting
black-and-white-quilts,quilting
black-white-quilt,quilting
black-white-quilts,quilting
block-quilt,quilting
block-quilts,quilting
blue-and-white-quilts,quilting
blue-jean-quilts,quilting|visible-mending
blue-quilt-patterns,quilting
blue-quilts,quilting
boro-quilt,quilting|boro-sashiko|visible-mending
boy-quilts,quilting
bright-quilts,quilting
cabin-quilt,quilting|log-cabin
cactus-quilt,quilting
charity-quilts,quilting
charm-pack-quilts,quilting
charm-quilts,quilting
charm-square-quilt,quilting
charm-squares,quilting
checkered-quilt,quilting
chevron-quilt,quilting
chevron-quilt-pattern,quilting
circle-quilt-patterns,quilting
circle-quilts,quilting
city-quilt,quilting
colchas-quilting,quilting
collage-quilts,quilting
colorful-quilt,quilting
colorful-quilts,quilting
contemporary-patchwork,quilting|modern-quilting
contemporary-quilting,quilting|modern-quilting
contemporary-quilts,quilting|modern-quilting
cool-quilts,quilting
cotton-quilts,quilting|cotton
crazy-patchwork,quilting|improv-quilt
crazy-quilt,quilting|improv-quilt
crazy-quilt-stitches,quilting|improv-quilt
crazy-quilting,quilting|improv-quilt
crazy-quilts,quilting|improv-quilt
crazy-quilts-patterns,quilting|improv-quilt
creative-quilts,quilting
crib-quilts,quilting
crumb-quilt,quilting
curved-piecing,quilting
decorating-with-quilts,quilting|interiors
denim-quilt-patterns,quilting|visible-mending
denim-quilts,quilting|visible-mending
diamond-quilts,quilting
diary-quilt,quilting
diy-quilting,quilting
doll-quilts,quilting
drunkards-path-quilt,quilting
eclectic-quilt,quilting
elizabeth-hartman-quilts,quilting
embroidery-quilt,quilting|embroidery
embroidery-quilting,quilting|embroidery
english-paper-piecing,quilting
english-paper-piecing-patterns,quilting
feather-quilt,quilting
fiber-art-quilts,quilting|textile-art
first-quilt,quilting
flying-geese,quilting
flying-geese-block,quilting
flying-geese-quilt,quilting
forest-quilt,quilting
fun-quilt,quilting
gees-bend,quilting|gees-bend
gees-bend-quilts,quilting|gees-bend
geometric-quilt,quilting
geometric-quilts,quilting
gradient-quilt,quilting
graduation-quilts,quilting
granny-square-quilt,quilting
green-quilts,quilting
grey-quilts,quilting
half-square-triangle,quilting
half-square-triangle-blocks,quilting
half-square-triangle-quilts,quilting
half-square-triangle-quilts-pattern,quilting
half-square-triangles,quilting
hand-quilting,quilting
hand-stitched-quilt,quilting
hanging-quilts,quilting
hawaiian-quilt-patterns,quilting
heart-quilt,quilting
heart-quilts,quilting
heirloom-quilt,quilting|textile-history
heritage-quilt,quilting|textile-history
herringbone-quilt,quilting
history-of-quilting,quilting|textile-history
horse-quilt,quilting
house-quilts,quilting
how-to-quilt,quilting
hst-blocks,quilting
hst-quilts,quilting
illusion-quilts,quilting
improv-patchwork,quilting|improv-quilt
improv-quilt,quilting|improv-quilt
improv-quilting,quilting|improv-quilt
improv-quilts,quilting|improv-quilt
improvised-quilts,quilting|improv-quilt
indigo-quilt,quilting
inspirational-quilts,quilting
jacob's-ladder,quilting
jacobs-ladder,quilting
japanese-quilting,quilting|japanese-textiles
japanese-quilts,quilting|japanese-textiles
jean-quilt,quilting|visible-mending
jean-quilts,quilting|visible-mending
jelly-roll-patterns,quilting
jelly-roll-quilt,quilting
jelly-roll-quilt-patterns,quilting
jelly-roll-quilts,quilting
jelly-rolls,quilting
jellyroll-quilts,quilting
kaffe-fassett-fabric,quilting|fabric
kaffe-fassett-quilts,quilting
kantha-bedding,quilting|japanese-textiles|visible-mending
kantha-quilts,quilting|japanese-textiles|visible-mending
kantha-throw,quilting|japanese-textiles
kantha-throw-blanket,quilting|japanese-textiles
kid-quilts,quilting
kimono-quilt,quilting|japanese-textiles|kimono
korean-patchwork,quilting
landscape-quilts,quilting
lap-quilt-patterns,quilting
lap-quilts,quilting
large-square-quilt,quilting
lattice-quilt,quilting
learn-to-quilt,quilting|art-education
light-quilt,quilting
line-quilt,quilting
linen-patchwork,quilting|linen
linen-patchwork-quilt,quilting|linen
linen-quilt,quilting|linen
log-cabin-block,quilting|log-cabin
log-cabin-blocks,quilting|log-cabin
log-cabin-modern,quilting|log-cabin|modern-quilting
log-cabin-quilt,quilting|log-cabin
log-cabin-quilt-pattern,quilting|log-cabin
log-cabin-quilts,quilting|log-cabin
log-cabin-tutorial,quilting|log-cabin
log-cabin-variations,quilting|log-cabin
lone-star-quilt,quilting
long-arm-quilting,quilting
long-arm-quilting-machine,quilting
love-quilt,quilting
low-volume-quilt,quilting
low-volume-quilts,quilting
machine-quilting-designs,quilting
machine-quilting-ideas,quilting
machine-quilting-patterns,quilting
make-a-quilt,quilting
make-do-and-mend,quilting|visible-mending
making-a-quilt,quilting
making-quilts,quilting
manly-quilts,quilting
map-quilt,quilting
map-quilts,quilting
masculine-quilts,quilting
medallion-quilts,quilting
memorial-quilt,quilting
memory-quilt,quilting
memory-quilt-ideas,quilting
memory-quilt-patterns,quilting
memory-quilts,quilting
mennonite-quilts,quilting|amish-quilt
mens-quilts,quilting
mermaid-quilt,quilting
mid-century-modern-quilts,quilting|modern-quilting|mid-century
mini-quilts,quilting
miniature-quilts,quilting
minimal-quilt,quilting
minimalist-quilt,quilting
missouri-quilt,quilting
modern-baby-quilts,quilting|modern-quilting
modern-log-cabin,quilting|log-cabin|modern-quilting
modern-log-cabin-quilts,quilting|log-cabin|modern-quilting
modern-machine-quilting,quilting|modern-quilting
modern-patchwork,quilting|modern-quilting
modern-quilt,quilting|modern-quilting
modern-quilt-blocks,quilting|modern-quilting
modern-quilt-designs,quilting|modern-quilting
modern-quilt-display,quilting|modern-quilting
modern-quilt-patterns,quilting|modern-quilting
modern-quilt-wall-hanging,quilting|modern-quilting|wall-art-installation
modern-quilting,quilting|modern-quilting
modern-quilting-designs,quilting|modern-quilting
modern-quilting-tutorials,quilting|modern-quilting
modern-quilts,quilting|modern-quilting
monkey-wrench,quilting
moon-quilt,quilting
mosaic-medallion,quilting
mountain-quilts,quilting
nancy-crow,quilting|artists-makers|nancy-crow
neutral-quilt,quilting
neutral-quilts,quilting
new-quilts,quilting
night-sky-quilt,quilting
nine-patch,quilting
octagon-quilt,quilting
old-quilts,quilting|textile-history
optical-illusion-quilts,quilting
orange-quilt,quilting
orange-quilts,quilting
outdoor-quilt,quilting
paper-pieced-quilt,quilting
paper-quilt,quilting
patch-work-quilt,quilting
patchwork-art,quilting|textile-art
patchwork-bedspread,quilting|interiors
patchwork-blanket,quilting
patchwork-blocks,quilting
patchwork-clothes,quilting|clothing-costume
patchwork-diy,quilting
patchwork-fabric-design,quilting|fabric
patchwork-ideas,quilting
patchwork-inspiration,quilting
patchwork-pillow,quilting|interiors
patchwork-pillows,quilting|interiors
patchwork-quilt,quilting
patchwork-quilt-patterns,quilting
patchwork-quilting,quilting
patchwork-quilting-designs,quilting
patchwork-quilts,quilting
patchwork-squares-quilt,quilting
patchwork-tapestry,quilting|textile-art
patchwork-textile-art,quilting|textile-art
patchwork-tutorial,quilting
Patchwork,quilting
pattern-quilt,quilting|pattern
patterns-for-quilts,quilting
picnic-quilt,quilting
pieced-quilt-backs,quilting
pieced-quilts,quilting
pinwheel-block,quilting
pinwheel-quilt,quilting
pixel-quilting,quilting
plaid-quilt,quilting
plaid-quilts,quilting
planet-quilt,quilting
plus-quilt,quilting
plus-sign-quilt,quilting
portrait-quilts,quilting
prairie-quilt-patterns,quilting
pretty-quilt,quilting
primitive-quilts,quilting|textile-history
q-is-for-quilt,quilting
quick-quilt,quilting
quick-quilts,quilting
quilt-art,quilting|textile-art
quilt-artists,quilting|artists-makers
quilt-assembly,quilting
quilt-baby,quilting
quilt-back-ideas,quilting
quilt-backing,quilting
quilt-backing-ideas,quilting
quilt-backs,quilting
quilt-bed,quilting|interiors
quilt-bedding-ideas-boho,quilting|interiors
quilt-big,quilting
quilt-binding,quilting
quilt-black-and-white,quilting
quilt-blanket,quilting
quilt-block-ideas,quilting
quilt-block-tutorial,quilting
quilt-blocks-patterns,quilting
quilt-board,quilting
quilt-border,quilting
quilt-care,quilting
quilt-circles,quilting
quilt-collage,quilting|collage-mixed-media
quilt-contemporary,quilting|modern-quilting
quilt-cushion,quilting|interiors
quilt-design,quilting
quilt-designs,quilting
quilt-embroidery,quilting|embroidery
quilt-festival,quilting
quilt-for-men,quilting
quilt-guild,quilting
quilt-hanger,quilting
quilt-hangers,quilting
quilt-hanging,quilting|wall-art-installation
quilt-ideas-patterns,quilting
quilt-inspiration,quilting
quilt-instructions,quilting
quilt-log-cabin,quilting|log-cabin
quilt-making,quilting
quilt-modern,quilting|modern-quilting
quilt-modernen,quilting|modern-quilting
quilt-painting,quilting|painting
quilt-patch,quilting
quilt-patchwork,quilting
quilt-pattern-ideas,quilting
quilt-patterns-modern,quilting|modern-quilting
quilt-piecing,quilting
quilt-pillows,quilting|interiors
quilt-pinwheel,quilting
quilt-sampler,quilting
quilt-sewing,quilting|sewing
quilt-shirt,quilting
quilt-show,quilting
quilt-square,quilting
quilt-stitches,quilting
quilt-stitching,quilting
quilt-storage,quilting
quilt-stories,quilting
quilt-tapestry,quilting|textile-art
quilt-techniques,quilting
quilt-templates,quilting
quilt-tips,quilting
quilt-tutorial,quilting
quilt-wall-art,quilting|wall-art-installation
quilt-wall-hanging,quilting|wall-art-installation
quilt-wall-hanging-ideas,quilting|wall-art-installation
quilted-bedspreads,quilting|interiors
quilted-blanket,quilting
quilted-pillows,quilting|interiors
quilted-throw,quilting|interiors
quilted-throw-blanket,quilting|interiors
quilting-101,quilting|art-education
quilting-art,quilting|textile-art
quilting-blocks,quilting
quilting-board,quilting
quilting-business,quilting
quilting-by-hand,quilting
quilting-crafts,quilting|craft
quilting-guides,quilting
quilting-ideas,quilting
quilting-inspiration,quilting
quilting-math,quilting
quilting-samples,quilting
quilting-stitches,quilting
quilting-techniques,quilting
quilting-tips,quilting
quilting-tools,quilting
quilting-triangles,quilting
quilting-tutorials,quilting
quilting-with-patterned-fabric,quilting|fabric
Quilting,quilting
quilts-bedding,quilting|interiors
quilts-crochet,quilting|knitting-crochet
quilts-decor,quilting|interiors
quilts-for-men,quilting
quilts-for-sale,quilting
quilts-modern,quilting|modern-quilting
quilts-on-beds,quilting|interiors
quilts-patchwork,quilting
quilts-patterns,quilting
quilts-to-make,quilting
quilts-vintage,quilting|textile-history
rail-fence-quilt,quilting
rainbow-quilt,quilting
rainbow-quilts,quilting
red-and-white-quilts,quilting
red-pepper-quilts,quilting
red-quilts,quilting
ribbon-quilt,quilting
rustic-quilts,quilting
sampler-quilts,quilting
scrap-quilt,quilting
scrappy-patchwork,quilting
scrappy-quilt-patterns,quilting
scraps-quilt,quilting
sew-a-quilt,quilting|sewing
sew-quilt,quilting|sewing
sewing-a-quilt,quilting|sewing
sewing-quilts,quilting|sewing
shadow-quilts,quilting
shibori-quilts-ideas,quilting
shirt-quilts,quilting
signature-quilts,quilting
silk-quilt,quilting|silk
simple-quilts,quilting
small-hand-quilting-projects,quilting
small-quilt-projects,quilting
small-square-patchwork-quilt,quilting
small-square-quilt-patterns,quilting
small-squares-quilt-pattern,quilting
solid-color-quilts,quilting
solid-color-quilts-patterns,quilting
solid-quilt,quilting
southwest-quilts,quilting
space-quilt,quilting
star-quilts,quilting
start-quilting,quilting
story-quilt,quilting
straight-line-quilting,quilting
string-quilt,quilting
string-quilts,quilting
strip-piecing,quilting|strip-piecing
strip-quilt,quilting|strip-piecing
strip-quilting,quilting|strip-piecing
strip-quilts,quilting|strip-piecing
striped-quilt,quilting|strip-piecing
striped-quilts,quilting|strip-piecing
stroller-quilt,quilting
sunflower-quilts,quilting
swiss-cross-quilt,quilting
table-quilts,quilting
tarot-quilt,quilting
tie-quilt,quilting
tie-quilts,quilting
tile-quilt,quilting
tiled-quilt,quilting
toile-quilt,quilting
triangle-quilt,quilting
triangle-quilt-tutorials,quilting
triangle-quilts,quilting
tshirt-quilt,quilting|visible-mending
tube-quilting,quilting
tula-pink,quilting
tula-pink-quilt,quilting
tumbling-blocks,quilting
tumbling-blocks-quilt,quilting
turquoise-quilt,quilting
two-color-quilts,quilting
village-quilt,quilting
vintage-quilt-on-bed,quilting|textile-history|interiors
vintage-quilts-antiques,quilting|textile-history
walking-foot-quilting,quilting
wall-hanging-quilt,quilting|wall-art-installation
wall-quilt-patterns,quilting|wall-art-installation
wall-quilts,quilting|wall-art-installation
water-quilt,quilting
wedding-quilt,quilting
white-quilt,quilting
white-quilts,quilting
wonky-log-cabin,quilting|log-cabin|improv-quilt
wool-patchwork,quilting|wool
wool-quilts,quilting|wool
yellow-quilts,quilting
scrap-fabric,fabric
scrap-fabric-ideas,fabric
abstract-embroidery,embroidery
amazing-embroidery,embroidery
animal-embroidery,embroidery
animal-hand-embroidery,embroidery
arrow-embroidery-design,embroidery
art-embroidery,embroidery
basic-embroidery-stitches,embroidery
basic-hand-embroidery,embroidery
basic-hand-embroidery-stitches,embroidery
beige-embroidery,embroidery
bird-embroidery,embroidery
black-and-white-embroidery,embroidery|blackwork
black-work,embroidery|blackwork
black-work-embroidery,embroidery|blackwork
blackwork-cross-stitch,embroidery|blackwork|cross-stitch
blackwork-designs,embroidery|blackwork
blackwork-embroidery,embroidery|blackwork
blackwork-embroidery-designs,embroidery|blackwork
blackwork-embroidery-patterns,embroidery|blackwork
blackwork-stitches,embroidery|blackwork
body-embroidery,embroidery
bordados-tambour,embroidery
brazilian-embroidery,embroidery
brush-embroidery,embroidery
bug-embroidery,embroidery
bugs-embroidery,embroidery
bullion-embroidery,embroidery
cactus-embroidery,embroidery
clothes-embroidery-diy,embroidery
clothing-embroidery,embroidery
colorful-embroidery,embroidery
contemporary-embroidery,embroidery
cool-embroidery,embroidery
crewel-embroidery,embroidery
crewel-embroidery-kits,embroidery
crewel-embroidery-patterns,embroidery
cross-embroidery,embroidery|cross-stitch
cross-stitch-embroidery,embroidery|cross-stitch
curtains-embroidery,embroidery
cushion-embroidery,embroidery
cute-embroidery,embroidery
diy-embroidery-designs,embroidery
diy-embroidery-kit,embroidery
diy-embroidery-shirt,embroidery
dmc-embroidery,embroidery
dmc-embroidery-floss,embroidery
drawing-embroidery,embroidery
drawn-thread,embroidery
drawn-thread-embroidery,embroidery
easy-embroidery,embroidery
Embroidery,embroidery
embroidered-art,embroidery|textile-art
embroidered-bird,embroidery
embroidered-birds,embroidery
embroidered-book,embroidery|book-arts
embroidered-brooch,embroidery
embroidered-cactus,embroidery
embroidered-eyes,embroidery
embroidered-garden,embroidery
embroidered-hoop,embroidery
embroidered-insects,embroidery
embroidered-labels,embroidery
embroidered-map,embroidery
embroidered-mask,embroidery|masks
embroidered-monogram,embroidery
embroidered-napkins,embroidery
embroidered-photo,embroidery|photography
embroidered-photo-art,embroidery|photography
embroidered-photographs,embroidery|photography
embroidered-photography,embroidery|photography
embroidered-photos,embroidery|photography
embroidered-portrait,embroidery
embroidered-shirts,embroidery
embroidered-towels,embroidery
embroidered-trees,embroidery
embroidered-typography,embroidery|typography-lettering
embroidery-and-cross-stitch,embroidery|cross-stitch
embroidery-and-stitching,embroidery
embroidery-art,embroidery|textile-art
embroidery-artists,embroidery|artists-makers
embroidery-bags,embroidery
embroidery-beading,embroidery
embroidery-book,embroidery|book-arts
embroidery-clothes,embroidery
embroidery-contemporary,embroidery
embroidery-couching,embroidery
embroidery-craft,embroidery|craft
embroidery-cross,embroidery|cross-stitch
embroidery-cross-stitch,embroidery|cross-stitch
embroidery-designs-by-hand,embroidery
embroidery-designs-fashion,embroidery|clothing-costume
embroidery-doodles,embroidery
embroidery-embellishments,embroidery
embroidery-fabric,embroidery|fabric
embroidery-fashion,embroidery|clothing-costume
embroidery-felt,embroidery
embroidery-flowers-pattern,embroidery
embroidery-for-beginners,embroidery|art-education
embroidery-for-shirts,embroidery
embroidery-frame,embroidery
embroidery-hand,embroidery
embroidery-hoop-art,embroidery|wall-art-installation
embroidery-hoop-ideas,embroidery
embroidery-icons,embroidery
embroidery-ideas,embroidery
embroidery-inspiration,embroidery
embroidery-kimono,embroidery|japanese-textiles|kimono
embroidery-kits,embroidery
embroidery-leaf,embroidery
embroidery-letters,embroidery|typography-lettering
embroidery-map,embroidery
embroidery-modern,embroidery
embroidery-monogram,embroidery
embroidery-motifs,embroidery
embroidery-napkins,embroidery
embroidery-needles,embroidery
embroidery-numbers,embroidery
embroidery-on-black,embroidery
embroidery-on-black-fabric,embroidery
embroidery-on-clothes,embroidery
embroidery-on-knit,embroidery|knitting-crochet
embroidery-on-linen,embroidery|linen
embroidery-on-paper,embroidery
embroidery-owl,embroidery
embroidery-paintings,embroidery|painting
embroidery-patterns-free,embroidery
embroidery-patterns-ideas,embroidery
embroidery-patterns-vintage,embroidery|vintage
embroidery-people,embroidery
embroidery-pictures,embroidery
embroidery-pins,embroidery
embroidery-portrait,embroidery
embroidery-postcard,embroidery
embroidery-projects,embroidery
embroidery-quilt,embroidery|quilting
embroidery-quilting,embroidery|quilting
embroidery-ribbon,embroidery
embroidery-sampler,embroidery
embroidery-samples,embroidery
embroidery-sashiko,embroidery|japanese|boro-sashiko
embroidery-science,embroidery
embroidery-shirt,embroidery
embroidery-skirt,embroidery
embroidery-spring,embroidery
embroidery-stitch,embroidery
embroidery-stitches,embroidery
embroidery-stitches-flowers,embroidery
embroidery-stitching,embroidery
embroidery-store,embroidery
embroidery-tapestry,embroidery|textile-art
embroidery-tattoo,embroidery
embroidery-techniques,embroidery
embroidery-thread,embroidery
embroidery-transfers,embroidery
embroidery-tutorials,embroidery
embroidery-unique,embroidery
embroidery-videos,embroidery
embroidery-vintage,embroidery|vintage
embroidery-words,embroidery|typography-lettering
embroidery-words-letters,embroidery|typography-lettering
embroidery-works,embroidery
embroidery-workshop,embroidery|art-education
embroidery-writing,embroidery|typography-lettering
embroidery-yarn,embroidery
feather-embroidery,embroidery
felt-embroidery,embroidery
floral-embroidery,embroidery
floral-embroidery-patterns,embroidery
flower-embroidery,embroidery
flower-embroidery-designs,embroidery
flower-machine-embroidery-designs,embroidery
flowers-embroidery,embroidery
folk-embroidery,embroidery|folk-global-art
free-hand-embroidery,embroidery
free-motion-embroidery,embroidery
freeform-embroidery,embroidery
freehand-embroidery,embroidery
freehand-machine-embroidery,embroidery
funky-embroidery,embroidery
funny-embroidery,embroidery
geometric-embroidery,embroidery
goldwork-embroidery,embroidery|goldwork
graphic-embroidery,embroidery
hand-embroidery-art,embroidery
hand-embroidery-designs,embroidery
hand-embroidery-flowers,embroidery
hand-embroidery-ideas,embroidery
hand-embroidery-kit,embroidery
hand-embroidery-pattern,embroidery
hand-embroidery-patterns,embroidery
hand-embroidery-patterns-flowers,embroidery
hand-embroidery-projects,embroidery
hand-embroidery-stitches,embroidery
hand-work-embroidery,embroidery
handkerchief-embroidery,embroidery
handwork-embroidery-design,embroidery
hardanger-embroidery,embroidery|hardanger
heart-machine-embroidery,embroidery
high-fashion-embroidery,embroidery|clothing-costume
hoop-art,embroidery|wall-art-installation
hoop-embroidery,embroidery
hoops-embroidery,embroidery
hungarian-embroidery,embroidery|folk-global-art
ideas-embroidery,embroidery
irish-embroidery,embroidery|folk-global-art
jacobean-embroidery,embroidery|textile-history
japanese-embroidery,embroidery|japanese|japanese-textiles
knit-embroidery,embroidery|knitting-crochet
knot-embroidery,embroidery
knots-embroidery,embroidery
lace-embroidery,embroidery|lace-needlework
leather-embroidery,embroidery
letter-stitching,embroidery|typography-lettering
love-embroidery,embroidery
machine-embroidery-projects,embroidery
medieval-embroidery,embroidery|textile-history
mending-embroidery,embroidery|visible-mending
mexican-embroidery,embroidery|folk-global-art
monochrome-embroidery,embroidery
monogram-embroidery,embroidery
moss-embroidery,embroidery
nature-embroidery,embroidery
needle-art,embroidery
needle-arts,embroidery
needle-painting,embroidery|painting
needle-painting-embroidery,embroidery|painting
needlework-embroidery,embroidery|lace-needlework
needlework-patterns,embroidery|lace-needlework
needlework-stitches,embroidery|lace-needlework
owl-embroidery,embroidery
painting-embroidery,embroidery|painting
painting-with-thread,embroidery|painting
paper-embroidery,embroidery
photo-embroidery,embroidery|photography
punch-needle,embroidery
punch-needle-embroidery,embroidery
punch-needling,embroidery
redwork-embroidery,embroidery|vintage
retro-embroidery,embroidery|vintage
ribbon-embroidery,embroidery
running-stitch,embroidery
satin-stitch,embroidery
scandinavian-embroidery,embroidery|folk-global-art
science-embroidery,embroidery
shirt-embroidery,embroidery
silk-ribbon-embroidery,embroidery|silk
slow-stitching,embroidery|visible-mending
slow-stitching-ideas,embroidery|visible-mending
stitch-collage,embroidery|collage-mixed-media
stitch-embroidery,embroidery
stitch-guide,embroidery
stitch-ideas,embroidery
stitch-journal,embroidery
stitch-lettering,embroidery|typography-lettering
stitch-letters,embroidery|typography-lettering
stitch-lines,embroidery
stitch-sampler,embroidery
stitch-school,embroidery|art-education
stitching-art,embroidery|textile-art
stitching-embroidery,embroidery
stitching-on-paper,embroidery
stitching-photography,embroidery|photography
stumpwork-embroidery,embroidery
subversive-cross-stitch,embroidery|cross-stitch
subversive-cross-stitches,embroidery|cross-stitch
sujni-embroidery,embroidery|folk-global-art
sulaman-pita,embroidery|folk-global-art
swedish-embroidery,embroidery|folk-global-art
tambour-beading,embroidery|lace-needlework
tambour-embroidery,embroidery
tapestry-embroidery,embroidery|weaving
tea-towels-embroidery,embroidery
textile-art-embroidery,embroidery|textile-art
textile-embroidery,embroidery|textile-art
textiles-embroidery,embroidery|textile-art
texture-embroidery,embroidery
thread-art,embroidery|typography-lettering
thread-embroidery,embroidery
thread-painting,embroidery|painting
thread-sketching,embroidery
thread-work,embroidery
tie-dye-embroidery,embroidery|printing-dyeing
towel-embroidery,embroidery
trendy-embroidery,embroidery
types-of-embroidery,embroidery
typography-embroidery,embroidery|typography-lettering
valentine-embroidery,embroidery
valentines-embroidery-designs,embroidery
vintage-embroidery,embroidery|vintage|textile-history
vintage-floral-embroidery,embroidery|vintage
vintage-hand-embroidery,embroidery|vintage|textile-history
visible-mending-embroidery,embroidery|visible-mending
wedding-embroidery-hoop,embroidery
whitework-embroidery,embroidery
white-work-embroidery,embroidery
wool-embroidery,embroidery|wool
word-embroidery,embroidery|typography-lettering
yarn-cross-stitch,embroidery|cross-stitch
자수-디자인,embroidery|korean
boro-mending,visible-mending|boro-sashiko|japanese
boro-patchwork,visible-mending|boro-sashiko|japanese
boro-sashiko,visible-mending|boro-sashiko|japanese
boro-stitching,visible-mending|boro-sashiko|japanese
boro-textiles,visible-mending|boro-sashiko|japanese|textile-art
clothing-repair,visible-mending
creative-mending,visible-mending
creative-sweater-mending,visible-mending
darning-knitwear,visible-mending|darning|knitting-crochet
darning-patterns,visible-mending|darning
darning-socks,visible-mending|darning
decorative-mending,visible-mending
denim-repair,visible-mending
invisible-mending,visible-mending
japanese-boro,visible-mending|boro-sashiko|japanese|japanese-textiles
japanese-boro-textiles,visible-mending|boro-sashiko|japanese|japanese-textiles
kantha-stitch,visible-mending|japanese|embroidery
mended-clothes,visible-mending
mending-clothes,visible-mending
mending-embroidery,visible-mending|embroidery
mending-ideas,visible-mending
mending-stitches,visible-mending
mending-sweaters,visible-mending
mindful-mending,visible-mending
patch-clothing,visible-mending
patch-crafts,visible-mending|craft
patch-stitch,visible-mending|embroidery
repair-clothes,visible-mending
sashiko-boro,visible-mending|boro-sashiko|japanese
sashiko-embroidery,visible-mending|boro-sashiko|japanese|embroidery
sashiko-mending,visible-mending|boro-sashiko|japanese
sashiko-mending-jeans,visible-mending|boro-sashiko|japanese
sashiko-pattern,visible-mending|boro-sashiko|japanese
sashiko-projects,visible-mending|boro-sashiko|japanese
sashiko-repair,visible-mending|boro-sashiko|japanese
sashiko-stitching,visible-mending|boro-sashiko|japanese
swiss-darning,visible-mending|darning|knitting-crochet
t-shirt-mending,visible-mending
upcycling-fabric,visible-mending|fabric
upcycling-ideas,visible-mending
visual-mending,visible-mending
återvinna-jeans,visible-mending
artisanats-denim,visible-mending|fabric
blue-jean-quilts,visible-mending|quilting
cutout-jeans,visible-mending
denim-basket,visible-mending
denim-crafts,visible-mending|craft
denim-pillow,visible-mending|interiors
denim-placemats,visible-mending
denim-projects,visible-mending
denim-quilt-patterns,visible-mending|quilting
denim-quilts,visible-mending|quilting
get-ripped,visible-mending
grandfather-shirts,visible-mending
indigo-denim,visible-mending|printing-dyeing
jean-diy,visible-mending
jean-quilt,visible-mending|quilting
jean-quilts,visible-mending|quilting
old-sweater,visible-mending
recycled-jeans,visible-mending
recycled-sweater,visible-mending
recycled-sweaters,visible-mending
repurposed-sweaters,visible-mending
ropa-upcycling,visible-mending
second-life,visible-mending
sweater-crafts,visible-mending|craft
sweater-inspiration,visible-mending
sweaters-oversized,visible-mending
thrift-store-shirts,visible-mending
upcycle-sweater,visible-mending
upcycled-sweaters,visible-mending
art-fibres-textiles,textile-art
art-textile,textile-art
art-textiles,textile-art
bauhaus-textiles,textile-art|textile-history
block-printed-textiles,textile-art|printing-dyeing
cloth-art,textile-art
cloth-collage,textile-art|collage-mixed-media
cloth-making,textile-art
contemporary-textiles,textile-art
creative-textiles,textile-art
design-textile,textile-art|design
diy-textiles,textile-art
eco-dyeing-fabric,textile-art|printing-dyeing
fabric-art,textile-art
fabric-artwork,textile-art
fabric-collage,textile-art|collage-mixed-media
fabric-collage-ideas,textile-art|collage-mixed-media
fabric-textile,textile-art
fabric-textile-art,textile-art
fibres-textiles,textile-art
fiber-art,textile-art
fiber-art-wall-hanging,textile-art|wall-art-installation
fiber-arts,textile-art
fiber-sculpture,textile-art
fiber-wall-hanging,textile-art|wall-art-installation
fibre-art,textile-art
framed-fabric,textile-art|wall-art-installation
framed-textile,textile-art|wall-art-installation
global-textiles,textile-art|folk-global-art
handmade-textiles,textile-art
indian-textiles,textile-art|folk-global-art
japanese-textiles,textile-art|japanese-textiles|japanese
korean-textiles,textile-art|korean
mexican-textiles,textile-art|folk-global-art
mixed-media-textile-art,textile-art|collage-mixed-media
mixed-media-textiles,textile-art|collage-mixed-media
modern-textiles,textile-art
peruvian-textiles,textile-art|folk-global-art
scandinavian-textiles,textile-art|folk-global-art
surface-art,textile-art
surface-design,textile-art|design
surface-ornamentation,textile-art
textile-art,textile-art
textile-art-collage,textile-art|collage-mixed-media
textile-art-techniques,textile-art
textile-artist,textile-art
textile-artists,textile-art|artists-makers
textile-arts,textile-art
textile-collage,textile-art|collage-mixed-media
textile-craft,textile-art|craft
textile-crafts,textile-art|craft
textile-design,textile-art|design
textile-designs,textile-art|design
textile-fabrics,textile-art|fabric
textile-fiber-art,textile-art
textile-inspiration,textile-art
textile-jewelry,textile-art
textile-painting,textile-art|painting
textile-pattern,textile-art|pattern
textile-patterns,textile-art|pattern
textile-printing,textile-art|printing-dyeing
textile-projects,textile-art
textile-sculpture,textile-art
textile-swatches,textile-art|fabric
textile-techniques,textile-art
textile-texture,textile-art
textile-wall-art,textile-art|wall-art-installation
textile-wall-hangings,textile-art|wall-art-installation
Textiles,textile-art
textiles-art,textile-art
textiles-artwork,textile-art
textiles-embroidery,textile-art|embroidery
textiles-fabric,textile-art|fabric
textiles-inspiration,textile-art
textiles-patterns,textile-art|pattern
textiles-print,textile-art|printing-dyeing
textiles-projects,textile-art
textiles-techniques,textile-art
woven-textiles,textile-art|weaving
spirit-cloth,textile-art
bargello-needlepoint,cross-stitch|needlepoint|embroidery
blackwork-cross-stitch,cross-stitch|blackwork|embroidery
cross-stitch-bag,cross-stitch|embroidery
cross-stitch-family,cross-stitch|embroidery
cross-stitch-flowers,cross-stitch|embroidery
cross-stitch-quilt,cross-stitch|embroidery|quilting
cross-stitch-samplers,cross-stitch|embroidery
cross-stitching,cross-stitch|embroidery
cute-cross-stitch,cross-stitch|embroidery
lace-cross-stitch,cross-stitch|lace-needlework|embroidery
modern-cross-stitch,cross-stitch|embroidery
pia-wallen-cross-blanket,cross-stitch|embroidery
pola-kristik,cross-stitch|embroidery
red-cross-stitch,cross-stitch|embroidery
simple-cross,cross-stitch|embroidery
simple-cross-stitch,cross-stitch|embroidery
subversive-cross-stitch,cross-stitch|embroidery
subversive-cross-stitches,cross-stitch|embroidery
tiny-cross-stitch,cross-stitch|embroidery
yarn-cross-stitch,cross-stitch|embroidery
diy-weaving,weaving
geometric-weaving,weaving
loom-bands,weaving|craft
loom-charms,weaving|craft
loom-weaving,weaving
macrame-weaving,weaving
navajo-rugs,weaving|folk-global-art
navajo-weaving,weaving|folk-global-art
needle-weaving,weaving|embroidery
nordic-design,weaving|folk-global-art
pin-loom,weaving
pin-weaving,weaving
swedish-weaving,weaving|folk-global-art
tapestry-diy,weaving
tapestry-techniques,weaving
weaving-art,weaving|textile-art
weaving-basket,weaving
weaving-embroidery,weaving|embroidery
weaving-ideas,weaving
weaving-projects,weaving
weaving-rugs,weaving
weaving-stitches,weaving
weaving-tapestry,weaving
weaving-techniques,weaving
weaving-textiles,weaving|textile-art
weaving-texture,weaving
weaving-wall-hanging,weaving|wall-art-installation
advanced-knitting,knitting-crochet
alpaca-fleece,knitting-crochet|wool
brioche-knitting,knitting-crochet
brioche-knitting-patterns,knitting-crochet
brioche-stitch,knitting-crochet
brioche-sweater-knitting-patterns,knitting-crochet
crochet-art,knitting-crochet|textile-art
crochet-blocking,knitting-crochet
crochet-borders,knitting-crochet
crochet-embroidery,knitting-crochet|embroidery
crochet-geek,knitting-crochet
crochet-hobby,knitting-crochet
crochet-leaves,knitting-crochet
crochet-lovey,knitting-crochet
crochet-plant,knitting-crochet
crochet-plants,knitting-crochet
crochet-stitch,knitting-crochet
crochet-tapestry,knitting-crochet|weaving
crochet-weaves,knitting-crochet|weaving
fair-isles,knitting-crochet|folk-global-art
knit-blankets,knitting-crochet
knit-chevron,knitting-crochet
knit-embroidery,knitting-crochet|embroidery
knit-fashion,knitting-crochet|clothing-costume
knit-patterns,knitting-crochet
knit-sweaters,knitting-crochet
knitted-animals,knitting-crochet|soft-toys-dolls
knitted-jacket,knitting-crochet
knitting-&-crochet,knitting-crochet
knitting-and-crocheting,knitting-crochet
knitting-designs,knitting-crochet
knitting-ideas,knitting-crochet
knitting-inspiration,knitting-crochet
knitting-instructions,knitting-crochet
knitting-lace,knitting-crochet|lace-needlework
knitting-pattern-sweater,knitting-crochet
knitting-projects,knitting-crochet
knitting-stitches,knitting-crochet
knitting-sweaters,knitting-crochet
knitting-techniques,knitting-crochet
knitwear-design,knitting-crochet|design
manta-crochet,knitting-crochet
pattern-sweater,knitting-crochet|pattern
quilts-crochet,knitting-crochet|quilting
stockinette-stitch,knitting-crochet
things-to-knit,knitting-crochet
tovad-ull,knitting-crochet|wool
a-teddy-bear,soft-toys-dolls
baby-bunny-toy,soft-toys-dolls
bear-crafts,soft-toys-dolls|craft
bear-totem,soft-toys-dolls
Bears,soft-toys-dolls
bears-pictures,soft-toys-dolls
cat-crafts,soft-toys-dolls|craft
cloth-animals,soft-toys-dolls|textile-art
crib-mobiles,soft-toys-dolls
cuddly-toy,soft-toys-dolls
designer-toys,soft-toys-dolls
diy-stuffed-animals,soft-toys-dolls
diy-toys,soft-toys-dolls
dog-felt,soft-toys-dolls
dog-felt-pattern,soft-toys-dolls
easter-bunny-plush,soft-toys-dolls
fabric-animals,soft-toys-dolls|fabric
fabric-birds,soft-toys-dolls|fabric
fabric-fish,soft-toys-dolls|fabric
fabric-toys,soft-toys-dolls|fabric
felt-art,soft-toys-dolls|textile-art
felt-brooch,soft-toys-dolls
felt-cat,soft-toys-dolls
felt-creations,soft-toys-dolls
felt-fox,soft-toys-dolls
felt-jewelry,soft-toys-dolls
felt-sculpture,soft-toys-dolls|textile-art
felt-sewing-patterns,soft-toys-dolls|sewing
felt-toys,soft-toys-dolls
felted-animals,soft-toys-dolls
felted-art,soft-toys-dolls|textile-art
felted-jewelry,soft-toys-dolls
felted-ornaments,soft-toys-dolls
felted-sweater,soft-toys-dolls|visible-mending
felting-art,soft-toys-dolls|textile-art
felting-projects,soft-toys-dolls
finger-puppets,soft-toys-dolls
handmade-dolls,soft-toys-dolls
handmade-felt,soft-toys-dolls
handmade-for-kids,soft-toys-dolls|craft
handmade-plushies,soft-toys-dolls
handmade-soft-toys,soft-toys-dolls
handmade-softies,soft-toys-dolls
handmade-stuffed-animals,soft-toys-dolls
knitted-animals,soft-toys-dolls|knitting-crochet
little-creatures,soft-toys-dolls
lovey-pattern,soft-toys-dolls
maileg-dolls,soft-toys-dolls
maileg-mouse,soft-toys-dolls
mister-finch,soft-toys-dolls|artists-makers|mister-finch
mr-finch,soft-toys-dolls|artists-makers|mister-finch
needle-felt,soft-toys-dolls
needle-felted-animals,soft-toys-dolls
needle-felting-projects,soft-toys-dolls
nuno-felting,soft-toys-dolls|textile-art
penguin-craft,soft-toys-dolls|craft
penguin-crafts,soft-toys-dolls|craft
penguin-pattern,soft-toys-dolls
pink-teddy,soft-toys-dolls
pom-crafts,soft-toys-dolls|craft
pom-pom-animals,soft-toys-dolls
pom-pom-crafts,soft-toys-dolls|craft
pompom-scarf,soft-toys-dolls
rag-dolls,soft-toys-dolls
sock-animals,soft-toys-dolls
sock-dolls,soft-toys-dolls
sock-plush,soft-toys-dolls
sock-toys,soft-toys-dolls
soft-sculpture,soft-toys-dolls|textile-art
Softies,soft-toys-dolls
softie-pattern,soft-toys-dolls
soft-things,soft-toys-dolls
soft-toys,soft-toys-dolls
soft-toys-making,soft-toys-dolls
stuffed-animal-ideas,soft-toys-dolls
stuffed-animals-from-old-sweaters,soft-toys-dolls|visible-mending
stuffed-bear,soft-toys-dolls
stuffed-toys,soft-toys-dolls
teddy-bear-crafts,soft-toys-dolls|craft
toy-animals,soft-toys-dolls
toy-design,soft-toys-dolls|design
toys-dolls,soft-toys-dolls
sewn-toys,soft-toys-dolls|sewing
sew-animals,soft-toys-dolls|sewing
art-assemblage,collage-mixed-media|textile-art
art-collage,collage-mixed-media
assemblage-sculpture,collage-mixed-media|wall-art-installation
canvas-collage,collage-mixed-media
cloth-collage,collage-mixed-media|textile-art
cloth-paper-scissors,collage-mixed-media|book-arts
collage-abstract,collage-mixed-media
collage-art-projects,collage-mixed-media|art-education
collage-artists,collage-mixed-media|artists-makers
collage-design,collage-mixed-media|design
collage-ideas,collage-mixed-media
collage-inspiration,collage-mixed-media
collage-magazine,collage-mixed-media
collage-making,collage-mixed-media
collage-mixed-media,collage-mixed-media
collage-on-canvas,collage-mixed-media
collage-shapes,collage-mixed-media
digital-collage,collage-mixed-media|digital-art
drawing-collage,collage-mixed-media|drawing
dream-collage,collage-mixed-media
fabric-collage,collage-mixed-media|textile-art
fabric-collage-ideas,collage-mixed-media|textile-art
fashion-collage,collage-mixed-media|clothing-costume
fabric-journal,collage-mixed-media|book-arts
fabric-journals,collage-mixed-media|book-arts
kunst-collages,collage-mixed-media
magazine-art,collage-mixed-media
magazine-collage,collage-mixed-media
mix-media,collage-mixed-media
mixed-media-artwork,collage-mixed-media
mixed-media-collage,collage-mixed-media
mixed-media-photography,collage-mixed-media|photography
mixed-media-textile-art,collage-mixed-media|textile-art
mixed-media-textiles,collage-mixed-media|textile-art
paper-collage,collage-mixed-media|book-arts
paper-collages,collage-mixed-media|book-arts
pattern-collage,collage-mixed-media|pattern
photo-mixed-media-art,collage-mixed-media|photography
process-art,collage-mixed-media
stitch-collage,collage-mixed-media|embroidery
textile-art-collage,collage-mixed-media|textile-art
textile-collage,collage-mixed-media|textile-art
furisode-kimono,japanese-textiles|kimono
japan-art,japanese-textiles
japan-design,japanese-textiles|design
japan-kimono,japanese-textiles|kimono
japanese-clothing,japanese-textiles|clothing-costume
japanese-costume,japanese-textiles|clothing-costume
japanese-craft,japanese-textiles|craft
japanese-crafts,japanese-textiles|craft
japanese-farmhouse,japanese-textiles|interiors
japanese-kimono-design,japanese-textiles|kimono
japanese-painting,japanese-textiles|painting
japanese-patterns,japanese-textiles|pattern
japanese-prints,japanese-textiles|printing-dyeing
japanese-quilting,japanese-textiles|quilting
japanese-quilts,japanese-textiles|quilting
japanese-textiles,japanese-textiles|textile-art
japanese-traditional-clothing,japanese-textiles|clothing-costume
japanese-workwear,japanese-textiles|clothing-costume
japanese-boro,japanese-textiles|boro-sashiko|visible-mending
japanese-boro-textiles,japanese-textiles|boro-sashiko|visible-mending
kimono-art,japanese-textiles|kimono
kimono-costume,japanese-textiles|kimono|clothing-costume
kimono-design,japanese-textiles|kimono
kimono-inspired-fashion,japanese-textiles|kimono|clothing-costume
kimono-japan,japanese-textiles|kimono
kimono-japanese,japanese-textiles|kimono
kimono-obi,japanese-textiles|kimono|obi
kimono-quilt,japanese-textiles|kimono|quilting
kimono-yukata,japanese-textiles|kimono
moda-kimono,japanese-textiles|kimono
mode-kimono,japanese-textiles|kimono
modern-kimono,japanese-textiles|kimono
obi-design,japanese-textiles|obi
traditional-japanese-clothing,japanese-textiles|clothing-costume
traditional-japanese-kimono,japanese-textiles|kimono
turning-japanese,japanese-textiles
ukiyo-e,japanese-textiles|textile-history
vintage-kimono,japanese-textiles|kimono|vintage
vintage-kimono-fabric,japanese-textiles|kimono|vintage
yukata-kimono,japanese-textiles|kimono
일본-패션,japanese-textiles|clothing-costume
accessories-sewing,sewing
accessories-sewing-patterns,sewing
apron-patterns,sewing
basic-sewing-machine,sewing
costura-diy,sewing
diy-couture,sewing|clothing-costume
diy-vest-pattern,sewing
fabric-manipulation,sewing|textile-art
fabric-manipulations,sewing|textile-art
free-motion-sewing,sewing
heirloom-sewing,sewing|textile-history
historical-sewing,sewing|textile-history
household-sewing-projects,sewing
machine-stitching,sewing
make-craft,sewing|craft
pillow-cases-tutorials,sewing|interiors
pillow-covers-tutorial,sewing|interiors
sew-accessories,sewing
sew-bags,sewing
sew-by-hand,sewing
sew-ins,sewing
sew-mama-sew,sewing
sew-scraps,sewing
sew-sweetness,sewing
sewing-and-embroidery,sewing|embroidery
sewing-animals,sewing|soft-toys-dolls
sewing-art,sewing|textile-art
sewing-bags,sewing
sewing-basics,sewing
sewing-book,sewing|book-arts
sewing-collage,sewing|collage-mixed-media
sewing-cushions,sewing|interiors
sewing-diy,sewing
sewing-embroidery,sewing|embroidery
sewing-embroidery-designs,sewing|embroidery
sewing-for-kids,sewing|art-education
sewing-journal,sewing|book-arts
sewing-leather,sewing
sewing-lessons,sewing|art-education
sewing-on-photographs,sewing|photography
sewing-paper,sewing
sewing-products,sewing
sewing-projects,sewing
sewing-quilts,sewing|quilting
sewing-tips,sewing
sewing-toys,sewing|soft-toys-dolls
sewn-art,sewing|textile-art
sewn-tops,sewing
Sewing,sewing
simple-sewing-patterns,sewing
small-sewing-ideas,sewing
stuff-to-sew,sewing
tutorial-sewing,sewing
tutorials,sewing
vintage-sewing-machines,sewing|textile-history
baby-diy-sewing,sewing
button-hole,sewing
button-hole-stitch,sewing|embroidery
button-holes,sewing
clutch-tutorial,sewing
diy-clutch,sewing
diy-clutch-purse,sewing
diy-futon,sewing|interiors
diy-tote,sewing
diy-towels,sewing
tote-bags,sewing
travel-pouches,sewing
zipper-pencil-case,sewing
block-printed-textiles,printing-dyeing|textile-art
block-printing,printing-dyeing
diy-silk-scarf,printing-dyeing|silk|sewing
eco-dyeing-fabric,printing-dyeing|textile-art
fabric-printing,printing-dyeing|fabric
fabric-stamping,printing-dyeing
indigo-denim,printing-dyeing|visible-mending
indigo-shibori,printing-dyeing
potato-print,printing-dyeing
print-design-art,printing-dyeing|design
print-designs-inspiration,printing-dyeing|design
print-inspiration,printing-dyeing
print-pattern,printing-dyeing|pattern
printing,printing-dyeing
printmaking-art,printing-dyeing|textile-art
prints,printing-dyeing
prints-and-patterns,printing-dyeing|pattern
resist-dyeing,printing-dyeing
scarf-painting,printing-dyeing|painting|silk
silk-painting-ideas,printing-dyeing|painting|silk
silk-scarf-painting,printing-dyeing|painting|silk
surface-design,printing-dyeing|textile-art|design
textile-printing,printing-dyeing|textile-art
woodblock-print,printing-dyeing|folk-global-art
woodcut,printing-dyeing
engraving,printing-dyeing
etchings,printing-dyeing
Screenprinting,printing-dyeing
screenprinting,printing-dyeing
bobbin-lace,lace-needlework
drawn-thread,lace-needlework|embroidery
drawn-thread-embroidery,lace-needlework|embroidery
hardanger-embroidery,lace-needlework|hardanger|embroidery
lace-art,lace-needlework|textile-art
lace-beadwork,lace-needlework
lace-cross-stitch,lace-needlework|cross-stitch|embroidery
lace-embroidery,lace-needlework|embroidery
linens-and-lace,lace-needlework|linen
needle-cases,lace-needlework
needle-point,lace-needlework|needlepoint|embroidery
needlepoint-stitches,lace-needlework|needlepoint|embroidery
Needlework,lace-needlework|embroidery
point-lace,lace-needlework
Teneriffe,lace-needlework
antique-linens,textile-history|linen
antique-quilts,textile-history|quilting
antique-quilts-patterns,textile-history|quilting
antique-samplers,textile-history|embroidery
antique-textiles,textile-history|textile-art
charleston-house,textile-history
chinese-robes,textile-history|clothing-costume|folk-global-art
eastern-art,textile-history|folk-global-art
historical-clothing,textile-history|clothing-costume
historical-costume,textile-history|clothing-costume
historical-sewing,textile-history|sewing
history-of-quilting,textile-history|quilting
linen-cupboard,textile-history|linen|interiors
meiji-period,textile-history|japanese-textiles
monogrammed-linens,textile-history|linen
russian-constructivism,textile-history|folk-global-art
traditional-quilts,textile-history|quilting
vintage-colors,textile-history|colour
vintage-crafts,textile-history|craft
vintage-floral,textile-history
vintage-ribbon,textile-history
vintage-trays,textile-history
voynich-manuscript,textile-history
a-level-art,art-education
a-level-art-sketchbook,art-education
a-level-textiles,art-education
adult-craft-ideas,art-education|craft
ap-art,art-education
art-alevel,art-education
art-foundation,art-education
art-historian,art-education
art-history,art-education|textile-history
art-lesson,art-education
art-lesson-activities,art-education
art-lesson-examples,art-education
art-lesson-ideas,art-education
art-lesson-plans,art-education
art-lesson-plans-for-kids,art-education
art-teacher,art-education
art-workshop-ideas,art-education
assignment-ideas,art-education
gcse-art,art-education
gcse-textiles,art-education
high-school-art,art-education
kansas-city-art-institute,art-education
learn-to-quilt,art-education|quilting
learning-to-embroider,art-education|embroidery
middle-school-art,art-education
online-learning,art-education
personal-investigation,art-education
quilting-101,art-education|quilting
royal-college-of-art,art-education
royal-school-of-needlework,art-education|embroidery
school-events,art-education
sketchbooks,art-education|drawing
student-success,art-education
teaching-&-learning,art-education
aidan-dunne,artists-makers|aidan-dunne
alberto-giacometti,artists-makers|alberto-giacometti
alison-watt,artists-makers|alison-watt
anni-albers,artists-makers|anni-albers
ann-wood,artists-makers|ann-wood
barbara-hepworth,artists-makers|barbara-hepworth
ben-nicholson,artists-makers|ben-nicholson
carson-ellis,artists-makers|carson-ellis
catherine-lampert,artists-makers|catherine-lampert
claire-oswalt,artists-makers|claire-oswalt
coulter-fussell,artists-makers|coulter-fussell
daniel-buren,artists-makers|daniel-buren
david-bomberg,artists-makers|david-bomberg
edvard-munch,artists-makers|edvard-munch
eleanor-pritchard,artists-makers|eleanor-pritchard
elin-thomas,artists-makers|elin-thomas
estella-olive-wilson,artists-makers|estella-olive-wilson
frank-auerbach,artists-makers|frank-auerbach
grace-rother,artists-makers|grace-rother
janet-bolton,artists-makers|janet-bolton
joan-mitchell,artists-makers|joan-mitchell
julia-wolstenholme,artists-makers|julia-wolstenholme
juliet-yardley-mills,artists-makers|juliet-yardley-mills
junko-oki,artists-makers|junko-oki
kate-quinn,artists-makers|kate-quinn
liz-payne,artists-makers|liz-payne
louise-bourgeois,artists-makers|louise-bourgeois
louise-bourgeois-art,artists-makers|louise-bourgeois
louise-bourgeois-embroidery,artists-makers|louise-bourgeois|embroidery
lucian-freud,artists-makers|lucian-freud
maricor-maricar,artists-makers|maricor-maricar
nancy-crow,artists-makers|nancy-crow|quilting
nancy-spero,artists-makers|nancy-spero
nani-iro,artists-makers|nani-iro
oliver-groom,artists-makers|oliver-groom
peter-watkins,artists-makers|peter-watkins
rob-dunlavey,artists-makers|rob-dunlavey
roy-lichtenstein,artists-makers|roy-lichtenstein
sandro-botticelli,artists-makers|sandro-botticelli
stella-west,artists-makers|stella-west
tim-walker,artists-makers|tim-walker
william-feaver,artists-makers|william-feaver
william-nicholson,artists-makers|william-nicholson
yoko-saito,artists-makers|yoko-saito
yumiko-higuchi,artists-makers|yumiko-higuchi
yumiko-higuchi-embroidery,artists-makers|yumiko-higuchi|embroidery
claude-monet,artists-makers|claude-monet
david-landau,artists-makers|david-landau
diane-savona,artists-makers|diane-savona
erin-wilson,artists-makers|erin-wilson
jean-giraud,artists-makers|jean-giraud
jean-tinguely,artists-makers|jean-tinguely
marisa-ramirez,artists-makers|marisa-ramirez
paco-rabanne,artists-makers|paco-rabanne
phillip-lim,artists-makers|phillip-lim
abstract-art-paintings,colour|painting
abstract-canvas-art,colour
abstract-floral,colour
abstract-floral-paintings,colour|painting
abstract-painting-ideas,colour|painting
color-burst,colour
color-chart,colour
color-inspo,colour
color-journal,colour
color-palette-emerald-green,colour
color-story,colour
colour-chart,colour
colour-combos,colour
colour-schemes,colour
coastal-colors,colour
colorful-abstract,colour
dot-rainbow,colour
earthy-minimalist,colour|interiors
grey-colour-palette,colour
light-colours,colour
palette-inspiration,colour
pastels-palette,colour
peacock-colors,colour
red-and-aqua,colour
red-and-orange,colour
unexpected-color-combinations,colour
vintage-colors,colour|textile-history
cmyk-color,colour|design
cmyk-color-chart,colour|design
abstract-prints-textiles,pattern|textile-art
abstract-shapes-art,pattern
aztec-design,pattern|folk-global-art
geometric-artwork,pattern
geometric-modern-art,pattern
grid-painting,pattern|painting
irregular-patterns,pattern
mixing-prints,pattern
motif-vintage,pattern|vintage
motifs-blackwork,pattern|blackwork|embroidery
pattern-illustration,pattern|illustration
pattern-inspiration,pattern
pattern-modern,pattern
pattern-play,pattern
pattern-texture,pattern
patterns-textiles,pattern|textile-art
pretty-prints,pattern
print-pattern,pattern|printing-dyeing
prints-and-patterns,pattern|printing-dyeing
rose-patterns,pattern
tile-design,pattern|interiors
tile-floor,pattern|interiors
tile-inspiration,pattern|interiors
tile-patterns,pattern|interiors
traditional-pattern,pattern|folk-global-art
triangle-diamond,pattern
art-deco-patterns,pattern|art-deco
mid-century-patterns,pattern|mid-century
motif-art-deco,pattern|art-deco
mark-making,drawing|pattern|painting
artist-book-design,book-arts
artist-book-ideas,book-arts
book-art,book-arts
book-arts,book-arts
book-festival,book-arts
book-illustration,book-arts|illustration
bookart,book-arts
bookmaking-ideas,book-arts
Books,book-arts
cloth-paper-scissors,book-arts|collage-mixed-media
diy-art-book,book-arts
diy-calendar,book-arts
fabric-book,book-arts|textile-art
fabric-books,book-arts|textile-art
needle-book,book-arts|embroidery
needle-books,book-arts|embroidery
paper-artist,book-arts
paper-collage,book-arts|collage-mixed-media
paper-collages,book-arts|collage-mixed-media
paper-drawing,book-arts|drawing
paper-feathers,book-arts
process-book-design,book-arts|design
stitch-book,book-arts|embroidery
zine-book,book-arts
bloom-book,book-arts
instructions-booklet,book-arts
texture-books,book-arts
word-journal,book-arts
american-flag-drawing,drawing
anatomical-art,drawing
anatomy-art,drawing
brush-strokes,drawing|painting
drawing-corner,drawing
experimental-drawing,drawing|experimental-drawing
ExpressiveDrawing,drawing|experimental-drawing
flora-and-fauna-drawing,drawing|nature-botanical
little-drawings,drawing
owl-sketch,drawing
paper-drawing,drawing|book-arts
positive-and-negative-space,drawing|art-education
sketch-books,drawing
small-paintings,drawing|painting
watercolour,drawing|painting
woman-drawing,drawing
Drawing,drawing
portraits,drawing|illustration
animal-illustration,illustration
carpet-illustration,illustration
create-illustration,illustration
graphic-illustration,illustration
pattern-illustration,illustration|pattern
wood-illustrations,illustration
painting,painting
abstract-painting-ideas,painting|colour
floral-painting,painting
grid-painting,painting|pattern
japanese-painting,painting|japanese-textiles
paint-abstract-art,painting
painting-embroidery,painting|embroidery
painting-illustration,painting|illustration
painting-with-thread,painting|embroidery
scarf-painting,painting|printing-dyeing|silk
silk-painting-ideas,painting|printing-dyeing|silk
thread-painting,painting|embroidery
yarn-painting,painting|knitting-crochet
1970s-skirt,clothing-costume
beautiful-kimonos,clothing-costume|japanese-textiles
chinese-robes,clothing-costume|textile-history|folk-global-art
costume-design,clothing-costume
costume-masks,clothing-costume|masks
couture-clothes,clothing-costume
couture-designers,clothing-costume|artists-makers
couture-mode,clothing-costume
diy-couture,clothing-costume|sewing
diy-scarf,clothing-costume|sewing
diy-scarves,clothing-costume|sewing
diy-silk-scarf,clothing-costume|sewing|silk
diy-vest,clothing-costume|sewing
fairy-dress,clothing-costume
fairy-fashion,clothing-costume
fantasy-fashion,clothing-costume
fashion-details,clothing-costume
fashion-images,clothing-costume
fashion-mask,clothing-costume|masks
fashion-masks,clothing-costume|masks
fashion-portfolio-layout,clothing-costume|design
geisha-hair,clothing-costume|japanese-textiles
hair-hairstyle,clothing-costume
hat-inspiration,clothing-costume
haute-couture-clothes,clothing-costume
historical-clothing,clothing-costume|textile-history
historical-costume,clothing-costume|textile-history
kimono-art,clothing-costume|japanese-textiles|kimono
kimono-inspired-fashion,clothing-costume|japanese-textiles|kimono
leaf-scarf,clothing-costume
linen-fashion,clothing-costume|linen
lion-king-costume,clothing-costume
looks-street-style,clothing-costume
mardi-gras-costumes,clothing-costume|masks
nature-fashion,clothing-costume
nudie-suit,clothing-costume
patterns-skirt,clothing-costume|pattern
pony-rider,clothing-costume
ring-fashion,clothing-costume
scarf-ideas,clothing-costume
scarf-tutorial,clothing-costume|sewing
silk-fabrics,clothing-costume|silk
silk-organza,clothing-costume|silk
silk-scarf-painting,clothing-costume|silk|printing-dyeing
silk-scarves,clothing-costume|silk
simple-scarf,clothing-costume
style-scarves,clothing-costume
tokyo-fashion,clothing-costume
tokyo-fashion-week,clothing-costume
traditional-korean,clothing-costume|korean|folk-global-art
trent-coat,clothing-costume
vintage-scarf,clothing-costume|vintage
vintage-scarves,clothing-costume|vintage
vintage-silk-scarf,clothing-costume|vintage|silk
work-outfits-women,clothing-costume
가을-패션,clothing-costume|korean
apartment-bedroom,interiors
architecture-bathroom,interiors
attic-loft,interiors
awesome-bedrooms,interiors
beautiful-bedrooms,interiors
beautiful-decor,interiors
bed-spread,interiors
bed-spreads,interiors
bed-threads,interiors
bedding-boho,interiors
bedding-decor,interiors
bedroom-bohemian,interiors
bedroom-inspirations,interiors
blanket-bedding,interiors
blanket-ideas,interiors
bohemian-chic-bedroom,interiors
bohemian-modern-style,interiors
bohemian-style-interior,interiors
boho-bedroom-decor,interiors
california-style-decor,interiors
chic-throw-pillows,interiors
colorblock-pillow,interiors
contemporary-bedding,interiors
coaster-fabric,interiors
cottage-core-cabin,interiors
cottage-grandma,interiors
cotton-mattress,interiors|cotton
cushion-inspiration,interiors
diy-home-crafts,interiors|craft
diy-pillows,interiors|sewing
dollhouse-wallpaper,interiors
dresser-drawer,interiors
duvet-ideas,interiors
flipped-furniture,interiors
floor-cloths,interiors
futon-covers,interiors
futon-decor,interiors
grey-sofa,interiors
herringbone-pillow,interiors
hooked-rugs,interiors|weaving
house-cozy,interiors
house-design-rustic,interiors
ideas-hogar,interiors
interior-design-inspiration,interiors
interior-design-japanese,interiors|japanese-textiles
interior-design-magazine,interiors
interior-modern,interiors
kitchen-textiles,interiors|textile-art
leaves-pillow,interiors
living-room-themes,interiors
mediterranean-interior-design,interiors
modern-decorative-pillows,interiors
my-new-room,interiors
navy-blue-pillows,interiors
pastel-interior,interiors
pastel-interior-design,interiors
patio-pillows,interiors
pillow-decor,interiors
pillow-ideas,interiors
pillow-ticking,interiors|fabric
plaid-throw,interiors
pub-chairs,interiors
remodeling-projects,interiors
room-with-color,interiors|colour
striped-sheets,interiors|fabric
striped-throw,interiors
sun-curtains,interiors
sweet-home-style,interiors
table-presentation,interiors
teen-boy-room,interiors
throw-quilts,interiors|quilting
tile-floor,interiors|pattern
tile-design,interiors|pattern
tile-inspiration,interiors|pattern
tile-patterns,interiors|pattern
wall-hanging-ideas,interiors|wall-art-installation
well-decor,interiors
white-walls,interiors
window-box,interiors
yellow-leather-sofas,interiors
affinity-designer,digital-art|design
ai-agents,digital-art|llm
ai-courses,digital-art
ai-education,digital-art|art-education
algorithmic-art,digital-art
code-art,digital-art
creative-coding,digital-art
digital-library,digital-art
digital-museum,digital-art
generative-art,digital-art
golang,digital-art|product-management
LLM,digital-art|llm
llm,digital-art|llm
machine-learning,digital-art|machine-learning
new-website,digital-art|product-management
RAG,digital-art|rag
technology,digital-art
adult-craft-ideas,craft|art-education
bear-crafts,craft|soft-toys-dolls
cactus-craft,craft
cat-crafts,craft|soft-toys-dolls
cat-hammock-pattern,craft
craft-activities,craft
craft-board,craft
craft-design,craft|design
craft-fair-ideas,craft
craft-handmade,craft
craft-inspiration,craft
craft-things,craft
crafting-ideas,craft
crafts-sewing-patterns,craft|sewing
crafts-to-try,craft
crafty-craft,craft
crafty-stuff,craft
crafty-things,craft
cute-crafts,craft
diy-bracelet,craft
diy-craft-paper,craft
diy-halloween,craft
fox-crafts,craft
functional-crafts,craft
hantverk-diy,craft
insect-craft,craft
insect-crafts,craft
inspiration-crafts,craft
korean-crafts,craft|korean
make-stuff,craft
map-crafts,craft
minimalist-crafts,craft
rainy-day-ideas,craft
silly-crafts,craft
sweater-crafts,craft|visible-mending
tiger-crafts,craft
twig-art,craft
vintage-crafts,craft|textile-history
wood-pins,craft
wool-crafts,craft|wool
art-installations,wall-art-installation
exhibition-design,wall-art-installation|design
exhibition-ideas,wall-art-installation
fabric-wall-hanging,wall-art-installation|textile-art
fiber-art-wall-hanging,wall-art-installation|textile-art
fiber-wall-hanging,wall-art-installation|textile-art
framed-textile,wall-art-installation|textile-art
gallery-artwork,wall-art-installation
geometric-wall-hanging,wall-art-installation
mini-canvas,wall-art-installation
mini-canvas-art,wall-art-installation
modern-quilt-wall-hanging,wall-art-installation|quilting
quilt-wall-art,wall-art-installation|quilting
quilt-wall-hanging,wall-art-installation|quilting
quilt-wall-hanging-ideas,wall-art-installation|quilting
sculpture-installation,wall-art-installation
small-artwork,wall-art-installation
small-wall-art,wall-art-installation
textile-wall-art,wall-art-installation|textile-art
textile-wall-hangings,wall-art-installation|textile-art
wall-hanging-ideas,wall-art-installation|interiors
wall-hanging-quilt,wall-art-installation|quilting
wall-quilts,wall-art-installation|quilting
woven-wall-hangings,wall-art-installation|weaving
wool-blankets,wool
wool-crafts,wool|craft
wool-embroidery,wool|embroidery
wool-patchwork,wool|quilting
wool-quilts,wool|quilting
wool-shoes,wool
woven-blankets,wool
alpaca-fleece,wool|knitting-crochet
tovad-ull,wool|knitting-crochet
linen-cupboard,linen|interiors|textile-history
linen-fashion,linen|clothing-costume
linen-patchwork,linen|quilting
linen-quilt,linen|quilting
linen-stitch,linen|embroidery
linen-tea-towel,linen
linen-texture,linen|fabric
linen-towels,linen
antique-linens,linen|textile-history
monogrammed-linens,linen|textile-history
linens-and-lace,linen|lace-needlework
silk-fabrics,silk|clothing-costume
silk-organza,silk|clothing-costume
silk-ribbon-embroidery,silk|embroidery
silk-scarf-painting,silk|printing-dyeing|painting
silk-scarves,silk|clothing-costume
silk-quilt,silk|quilting
silk-painting-ideas,silk|painting|printing-dyeing
vintage-silk-scarf,silk|clothing-costume|vintage
diy-silk-scarf,silk|sewing|printing-dyeing
cotton-quilts,cotton|quilting
cotton-mattress,cotton|interiors
striped-fabric,fabric
technicolor-fabrics,fabric
types-of-fabric,fabric
bright-fabric,fabric
dissolvable-fabric,fabric
draped-fabric,fabric
fabric-for-quilting,fabric|quilting
fabric-inspiration,fabric
fabric-pattern,fabric|pattern
fabric-patterns,fabric|pattern
fabric-prints,fabric|printing-dyeing
fabric-remnant-ideas,fabric
fabric-styling,fabric
fabric-yarn,fabric|knitting-crochet
fabulous-fabrics,fabric
modern-fabric,fabric
patterns-fabric,fabric|pattern
sail-cloth,fabric
scrap-fabric,fabric
scrap-fabric-ideas,fabric
water-soluble-fabric,fabric
design-branding,design
design-brief,design|product-management
design-graphique,design|graphic-design
design-sponge,design
education-design,design|art-education
graphic-design,design|graphic-design
graphisches-design,design|graphic-design
good-design,design
modern-packaging,design
Packaging,design
Logos,design|graphic-design
service-design,design|service-design|product-management
internet-marketing,product-management
product-management,product-management
project-board,product-management
startup,product-management
startup-metrics,product-management|metrics
web-analytics,product-management|metrics
web-metrics,product-management|metrics
web-strategy,product-management
programming,product-management|digital-art
digital-photography,photography
embroidered-photo,photography|embroidery
embroidered-photo-art,photography|embroidery
embroidered-photographs,photography|embroidery
embroidered-photography,photography|embroidery
embroidered-photos,photography|embroidery
foto-tips,photography
media-photography,photography
mixed-media-photography,photography|collage-mixed-media
photo-and-video,photography
photo-embroidery,photography|embroidery
photo-mixed-media-art,photography|collage-mixed-media
photographing-products,photography
sewing-on-photographs,photography|sewing
stitching-photography,photography|embroidery
animals-and-birds,nature-botanical
bark-texture,nature-botanical
blue-wildflowers,nature-botanical
flowers-and-leaves,nature-botanical
for-the-birds,nature-botanical
forest-field,nature-botanical
forest-floor,nature-botanical
fruit-flowers,nature-botanical
fungi-art,nature-botanical
green-bug,nature-botanical
growth-and-decay,nature-botanical
in-full-bloom,nature-botanical
leaves-art,nature-botanical
lichen-moss,nature-botanical
moss-and-lichen,nature-botanical
moths-and-butterflies,nature-botanical
our-planet,nature-botanical
perched-in-a-tree,nature-botanical
plum-blossoms,nature-botanical
poison-ivy,nature-botanical
singing-bird,nature-botanical
skeleton-animals,nature-botanical
spotted-leopard,nature-botanical
spring-flower,nature-botanical
tree-bark-texture,nature-botanical
velvet-flowers,nature-botanical
water-lily,nature-botanical
wild-olive,nature-botanical
willow-sticks,nature-botanical
winter-moon,nature-botanical
cat-mask,masks
costume-masks,masks|clothing-costume
fashion-mask,masks|clothing-costume
fashion-masks,masks|clothing-costume
halloween-masks,masks
mardi-gras-masks,masks
mask-art,masks
mask-fashion,masks|clothing-costume
mask-photoshoot,masks|photography
masks-art,masks
the-mask,masks
wearing-a-mask,masks
afrikaanse-kunst,folk-global-art
ancient-korean-art,folk-global-art|korean
arte-folk,folk-global-art
asian-design,folk-global-art
asian-inspiration,folk-global-art
eastern-art,folk-global-art|textile-history
folk-festival,folk-global-art
mexican-design,folk-global-art
mexican-pattern,folk-global-art|pattern
russian-constructivism,folk-global-art|textile-history
russian-design,folk-global-art
santa-fe-art,folk-global-art
santa-fe-artists,folk-global-art|artists-makers
soviet-propaganda,folk-global-art
ussr-propaganda,folk-global-art
art-activism,process-creativity
art-brut,process-creativity
art-practice,process-creativity
art-project,process-creativity
artists-way,process-creativity
beauty-in-imperfection,process-creativity|visible-mending
community-art,process-creativity
creative-block,process-creativity
creating-art,process-creativity
feel-inspired,process-creativity
feel-something,process-creativity
find-your-way,process-creativity
growth-and-decay,process-creativity|nature-botanical
human-condition,process-creativity
human-connection,process-creativity
identity-art,process-creativity
identity-artists,process-creativity|artists-makers
memory,process-creativity
memory-items,process-creativity
power-art,process-creativity
visual-language,process-creativity
a-letters,typography-lettering
alphabet-soup,typography-lettering
applique-letters,typography-lettering|quilting
art-lettering,typography-lettering
art-text,typography-lettering
cool-typography,typography-lettering
embroidery-letters,typography-lettering|embroidery
embroidery-typography,typography-lettering|embroidery
embroidery-words,typography-lettering|embroidery
embroidery-words-letters,typography-lettering|embroidery
embroidery-writing,typography-lettering|embroidery
illuminated-letters,typography-lettering
letter-stitching,typography-lettering|embroidery
letters-of-the-alphabet,typography-lettering
stitch-lettering,typography-lettering|embroidery
stitch-letters,typography-lettering|embroidery
the-alphabet,typography-lettering
the-letter-a,typography-lettering
the-letter-s,typography-lettering
thread-art,typography-lettering|embroidery
type-design,typography-lettering|design
typographic-design,typography-lettering|design
typography,typography-lettering
typography-embroidery,typography-lettering|embroidery
typography-inspiration,typography-lettering
typography-lettering,typography-lettering
typography-letters,typography-lettering
types-of-lettering,typography-lettering
